{
  "total_samples": 40071,
  "embedding_dimension": 768,
  "dataset_mean": [
    -0.08149855459466057,
    -0.08224942225742779,
    -0.3592830237475303,
    0.05889377531819966,
    0.6393340423655627,
    -0.0028115779126865175,
    -0.421003766267513,
    0.4896677843517911,
    -0.19392670895985478,
    -2.206381396746271,
    0.1510477361413973,
    -0.12722858080306634,
    0.028850312688183746,
    -0.10575042019568152,
    -0.42816541990351314,
    0.7478782115651966,
    0.08041711527446183,
    -0.3224015655995114,
    -1.3161664455913673,
    -0.48869525347414905,
    -0.5079252330067023,
    0.4510950221969569,
    0.2702779236095578,
    -0.8663434824178994,
    0.3559156020115281,
    -0.026568253785937197,
    -0.3590341567749028,
    1.2037860325273715,
    0.2885598319109163,
    -0.2424587038866056,
    -0.2178764573743955,
    -0.12818197590801003,
    0.3907413463141025,
    0.08415118296258686,
    0.2388555379791707,
    0.03991683186606009,
    0.28682398518865776,
    -0.2724656594187571,
    1.4943959665004336,
    -0.4379739447743855,
    -0.15780483973049403,
    0.3484575040278867,
    0.0006678693500611879,
    0.16644600476083168,
    0.06974812607999599,
    -0.43090990460259865,
    -0.2282459847819771,
    0.03979880576637544,
    -0.2180499087948198,
    -0.01812637967740728,
    -0.17312573638393794,
    0.19783631842231358,
    -0.04274238516140143,
    -0.24437275185197865,
    0.09858998445871567,
    -1.4754056175998302,
    0.36278913645039823,
    0.026689081879393714,
    -0.019704643070864867,
    0.19863113442232253,
    0.10310231026900767,
    -0.1076808042219132,
    0.006476434677890564,
    -0.07575320731556492,
    0.4846984527170044,
    -0.39225917135648847,
    -0.15493034683417126,
    -0.3806111179229388,
    -0.08757726425726116,
    0.0617786665818765,
    -0.22852634060134647,
    -0.22625115778501484,
    0.09831034959033415,
    -0.09029886695800862,
    -0.19402225849326651,
    -0.24539146676302032,
    0.0587255444792505,
    -0.032322618418168365,
    0.3003016112959812,
    -0.07395078700344147,
    0.44056362694681234,
    0.19935067319882538,
    -0.36440005326912495,
    -0.057677933062923153,
    -0.10008519798318447,
    -0.14299284370684387,
    0.17849134543705994,
    -0.37877360789654374,
    -0.062156003650822425,
    -0.08922734876841447,
    -0.1494888938454931,
    0.06475867634628492,
    -0.1741849873375039,
    -0.3501393768682875,
    0.17317399102862951,
    -0.12646584296863847,
    0.04534212031736584,
    -1.7749781091038748,
    0.004668001556119005,
    -0.2800073777120542,
    -0.7535360677077041,
    -0.384659210156126,
    -0.4102803893822188,
    -1.2295009910624202,
    -0.13989907729713402,
    -0.1981582585670317,
    -0.09037109749898012,
    -0.16852486330130037,
    -0.24618755448842872,
    -0.18597174031893854,
    -0.006636496337637775,
    -0.07167136925755682,
    -0.13452999443847163,
    -0.3409427021870655,
    0.46703433918063464,
    -0.333585955170854,
    0.19870372693626,
    -0.24762813655865354,
    -1.4626701687316805,
    -0.152395768684024,
    -0.38064360565002264,
    -0.4193675162682409,
    -0.11757950931206558,
    -0.31660331788084156,
    -0.478943636066001,
    -0.30493756121348226,
    0.9908181445728064,
    -0.340036473729839,
    -0.1835069037930226,
    -0.02052133330589461,
    -0.27953336135376955,
    -0.41005740620434217,
    0.0802255882505985,
    -0.14141562324158702,
    -0.7581526702955591,
    -0.15610779731370264,
    -0.10526404719332948,
    0.37081258782046755,
    -0.2500187426780521,
    0.2731848895869071,
    0.31517118391931065,
    -0.2557862271807345,
    0.36467947452067,
    0.13291150302352114,
    -0.1282614179131688,
    -0.14115720035266624,
    -0.22081721366107573,
    -0.4077199252465592,
    -0.3072779668642164,
    0.12489323228320523,
    -0.30275494018673993,
    -0.11183302481092923,
    -0.32892059556163533,
    0.015244595812315324,
    -0.3023696004212757,
    -0.9335070592914682,
    -0.7477825347869251,
    -0.10713230244491666,
    0.1081433148920453,
    -0.355685464044985,
    -0.21575552656828736,
    -0.28500237017385566,
    -0.11293754527163373,
    -0.29372968176860276,
    -0.10119837394334256,
    -0.26631793694920336,
    -0.300305573613986,
    -0.14310859581422725,
    -0.300027319127088,
    0.17932408700564859,
    -0.26571659491436367,
    -0.26777229211961506,
    0.2320132029675709,
    0.41217541897633103,
    -0.29582650101357166,
    -0.1434384282872692,
    -0.29440193787800834,
    -0.286358512187149,
    0.08329912484534562,
    -0.0005486194305989033,
    -0.5578528510923144,
    -0.14113878285285303,
    0.05444460763974079,
    -0.37283511873514247,
    0.224052261506971,
    -0.6091541531722288,
    -1.1031237836141334,
    -0.31536047110258575,
    0.05392608657360641,
    -0.14055096755635205,
    0.0963374092031937,
    -0.2499383174219569,
    -0.07644126016588822,
    -0.05019614929228344,
    -0.06760184639864092,
    0.3035751222576763,
    0.013992290718664552,
    -0.48179774812009185,
    0.2146059341178396,
    -0.32781829171578236,
    -0.7729997819483997,
    0.04479590889100904,
    0.11258182262230178,
    -0.13557125876525242,
    -0.03463050847524785,
    -0.17880719172811332,
    -0.09254066233933422,
    0.011525644799001682,
    0.2819647561931763,
    -0.5151167037969105,
    0.3950026040265182,
    0.178020903980299,
    -0.7022754506963965,
    -0.32229637960207613,
    0.2170260362174678,
    0.1141918591470105,
    0.6041636254778942,
    -0.5387359803306445,
    -0.1650105093815196,
    0.8480527358270782,
    -0.07572865293392075,
    -0.10859889178332707,
    -0.16760139522414588,
    -0.24705474835018973,
    0.19668999442297336,
    -0.4972045181147696,
    -0.2562650742713957,
    0.08403811874566697,
    0.15069125876320566,
    0.01540063168086056,
    0.20663069863456537,
    0.08676861675330001,
    -0.6475946884367457,
    -0.1728494758089572,
    -0.13053120737855334,
    -0.04800377332685699,
    0.31700676524993615,
    -0.11757143144903355,
    0.05741760334656897,
    0.041779229966634746,
    -0.05372994120523147,
    -0.011905549624123562,
    -0.04242774195648658,
    -0.6283287766819341,
    -0.13695013200502032,
    0.0765618635564081,
    0.28344073791131413,
    0.09217113144545357,
    -0.12151916937953626,
    0.19010862804271597,
    -0.3456319041416793,
    0.2703803373719068,
    -0.0669395442350329,
    -0.2965100683280188,
    0.09193967661930073,
    0.3952951755721754,
    0.16070815221236243,
    0.07885594557635808,
    2.3404380201316783,
    0.37582125522176213,
    0.031001478594146637,
    0.0022714663366885514,
    0.17599070667286099,
    0.21926465151562044,
    -0.18145534343692588,
    -0.06596245569642098,
    -0.10807275761279123,
    0.32697472292776564,
    0.08007303310121235,
    0.4732757677983418,
    0.12635413611525814,
    0.25919279013111896,
    0.49809828673559864,
    0.18968739707969948,
    0.20220349493127618,
    -0.15899183132285946,
    -0.14451781704034003,
    -0.2510874058799136,
    0.0858297416213383,
    -0.041092336324067086,
    -4.934698466064805,
    -0.05112131750939021,
    0.5181467030353751,
    0.061264651593905255,
    0.1877571600819465,
    0.3259439146103593,
    -0.21074033123357444,
    0.17641417511294571,
    0.16955466485623813,
    -0.20372011057679243,
    0.8188091228910263,
    -0.22449646395622688,
    -0.11491999649187949,
    0.1244958029600985,
    0.4571012515317979,
    -0.09425890692243094,
    0.33083209156047394,
    0.2549104282566984,
    -0.07351834938435517,
    -0.2163108156939606,
    1.7078155738381098,
    0.4106589152769224,
    0.2924085825476563,
    0.19917133995572156,
    -0.17677067233751098,
    0.05743087631982118,
    -0.542371053211563,
    0.4531246704195475,
    0.7319359487278444,
    -0.20205177147280193,
    0.26448570707655383,
    0.5280653196408941,
    0.24812726555157996,
    -0.13512335635410175,
