{
  "total_samples": 38332,
  "embedding_dimension": 768,
  "dataset_mean": [
    -0.020079958783596995,
    -0.11970773132665888,
    -0.3618688803582594,
    0.0660930653266175,
    0.6369925267926854,
    0.0585393005379303,
    -0.4081184691960867,
    0.4969424287350215,
    -0.19212085387204225,
    -2.8666630404803324,
    0.16368031828790727,
    -0.10042411932909678,
    0.01762927188621602,
    -0.08181493422206212,
    -0.40329562072208014,
    0.7592411745382277,
    0.09899551995456794,
    -0.3207807885026223,
    -1.3331362890120035,
    -0.47661799094470814,
    -0.5307059741586928,
    0.44367094477810715,
    0.2752669988878874,
    -0.8320359492814173,
    0.3416721387154929,
    -0.013651581877489547,
    -0.33071410051700717,
    1.2525280042257667,
    0.27449213957625407,
    -0.236079262234358,
    -0.22586869275891072,
    -0.14287124525120015,
    0.38691919041153866,
    0.06561727563940926,
    0.2410990499275809,
    0.016112030967636835,
    0.2939440642717502,
    -0.25777184399531455,
    1.4790706541055962,
    -0.42055119719579986,
    -0.1247889780467346,
    0.3359450594106271,
    0.029068050243910428,
    0.18483912454066714,
    0.08596232964135829,
    -0.4312886069094188,
    -0.20741017185972976,
    0.03966924499205886,
    -0.1928384374683092,
    0.008292964590516878,
    -0.15085681943951293,
    0.19627611520647972,
    -0.007078249154621723,
    -0.2544822169372576,
    0.09323373505171971,
    -1.3767977341580682,
    0.38377053025874297,
    0.02819071523709851,
    -0.009380608278135964,
    0.18625553245177617,
    0.08737396902188704,
    -0.11122163657046238,
    -0.010793589758259774,
    -0.09430735973214333,
    0.4876065664833787,
    -0.37136136436546846,
    -0.1683370110434927,
    -0.3863747558818062,
    -0.08310089647077211,
    0.04909250050196247,
    -0.2414794315400507,
    -0.21841553569124347,
    0.11548414101979589,
    -0.09273307816819795,
    -0.17748668680859003,
    -0.24499140519825466,
    0.0648804037806445,
    -0.0350591723699202,
    0.30301332615207227,
    -0.0697726912800331,
    0.39998282317482486,
    0.20330332765396372,
    -0.38195318714365384,
    -0.06355913602793993,
    -0.12294775633566114,
    -0.14771145328347135,
    0.16999868257270767,
    -0.3841520498001754,
    -0.07177979635393637,
    -0.10027023778135065,
    -0.1483796778599735,
    0.061282064654279225,
    -0.17922696633007468,
    -0.34735276717816427,
    0.14959464805778427,
    -0.14041697537684472,
    0.037708759395830585,
    -1.1716031977912087,
    -0.02607134512741294,
    -0.29769619965424055,
    -0.7522411793671436,
    -0.3724277243315949,
    -0.3907329267189849,
    -1.2106842395920852,
    -0.15436576907716132,
    -0.20974546467397132,
    -0.08381942026432473,
    -0.1811242761372982,
    -0.24199832126008564,
    -0.21840248089806844,
    -0.014018752412904659,
    -0.09358413121716207,
    -0.12457294396170539,
    -0.3546563143492703,
    0.5017241569440036,
    -0.34738525497978207,
    0.1885454368111756,
    -0.2574677384570642,
    -1.5667268621495969,
    -0.1694462810166927,
    -0.3840238382053965,
    -0.4303463434576293,
    -0.12986582504321062,
    -0.3212782405149774,
    -0.4725237420847252,
    -0.30759981183460433,
    0.8576183677774534,
    -0.332165215158256,
    -0.19734625813165044,
    -0.020643319220761118,
    -0.2746072087699264,
    -0.43013399632044025,
    0.0936635732370506,
    -0.13763486068629077,
    -0.7419216548104209,
    -0.16871085485454979,
    -0.10279683193271154,
    0.36902780454488976,
    -0.25079886106589505,
    0.27281217305251276,
    0.32618343722060367,
    -0.26587421288866175,
    0.35680382674024047,
    0.11845136888435287,
    -0.1327474536495051,
    -0.1312211000608899,
    -0.2443230345425375,
    -0.37443776731491385,
    -0.31113589289081517,
    0.12797013952917047,
    -0.31037801989264024,
    -0.12522940678257416,
    -0.34008718538322735,
    -0.005630283514094454,
    -0.30550296406575017,
    -0.847632236502559,
    -0.7488502851424214,
    -0.12374166334537902,
    0.10499352387563643,
    -0.3700866284158823,
    -0.21876837382456182,
    -0.29503302563073924,
    -0.12352684582112534,
    -0.29387811902474115,
    -0.06390974863515367,
    -0.2519502971331375,
    -0.2763532567769925,
    -0.1346083535620434,
    -0.3124129565166243,
    0.1581654187688027,
    -0.25331766132940936,
    -0.26551684772289574,
    0.22390212474486668,
    0.3980341829893596,
    -0.27716136596414226,
    -0.145934323572116,
    -0.2826984891453987,
    -0.2927076719718356,
    0.09408415174426167,
    4.8192009528004954e-05,
    -0.5680376373919391,
    -0.1504399577695218,
    0.08329739645271174,
    -0.36647219682695203,
    0.23420091721290623,
    -0.5446585938326937,
    -1.059915351424387,
    -0.3310345463988936,
    0.06462994065439703,
    -0.14389418545776933,
    0.0925597024783464,
    -0.2357003556066342,
    -0.08387319792358505,
    -0.045838289528023705,
    -0.04580749270391727,
    0.28113172912459466,
    0.011736142211758883,
    -0.4605702414881327,
    0.18301082451241305,
    -0.33416984954765977,
    -0.7921684058182565,
    0.03135680109307685,
    0.11702192141295363,
    -0.08786082816678295,
    -0.02744506966730104,
    -0.17764652785791984,
    -0.07741123875512429,
    0.008514271140622991,
    0.28275668956739713,
    -0.47816708172040534,
    0.38468850215763145,
    0.1939465053775484,
    -0.7013661351549954,
    -0.33144749497531534,
    0.2147101319447508,
    0.1104687179957708,
    0.6316866847465423,
    -0.5477669101022391,
    -0.11804480933518746,
    0.8116582218068072,
    -0.09768874578245312,
    -0.09844590846872997,
    -0.18290937755070685,
    -0.23820872883102898,
    0.1825519267212936,
    -0.4922562683065593,
    -0.2551171358107456,
    0.08297814539113788,
    0.15501693178035195,
    0.03859869593883536,
    0.17857017264108122,
    0.04283129005820816,
    -0.6758483066567166,
    -0.14671699273700303,
    -0.10926911630722234,
    -0.02664079828082378,
    0.32713745134818634,
    -0.11981500192191381,
    0.06518055651300604,
    0.039380779007929724,
    -0.046161517481048,
    -0.025958791711293092,
    0.0006189354961111502,
    -0.6030488709851961,
    -0.14665548843842358,
    0.09152379698287236,
    0.2808617960238092,
    0.10675994179779331,
    -0.09473734484928995,
    0.195029352835273,
    -0.32705935501801253,
    0.2643397272267446,
    -0.06906433770392402,
    -0.25921107944112975,
    0.11013004253901619,
    0.39696158090470157,
    0.18495931830975068,
    0.10650167078678831,
    2.393152540773037,
    0.383072812749213,
    0.028953094340619386,
    0.03722890200733507,
    0.18018596547460872,
    0.2818189784575814,
    -0.17321770387207486,
    -0.06289320307388957,
    -0.0863845613711819,
    0.34069968842929105,
    0.10159488134648204,
    0.4662292950274977,
    0.13580965975309497,
    0.25842665824849265,
    0.5023468189647807,
    0.22180671065081112,
    0.2250499685804418,
    -0.13480412635493222,
    -0.15367269804665235,
    -0.2396207096193599,
    0.07544370800197889,
    -0.028376336917649188,
    -4.846700985549482,
    -0.008464030970858512,
    0.5197812518581977,
    0.07066944424501229,
    0.17674177457294638,
    0.2975992565131152,
    -0.2080858909900707,
    0.18693703885146878,
    0.19026829640427967,
    -0.1872215381634436,
    0.7855656494672753,
    -0.21501073296232018,
    -0.0972424551591866,
    0.13454630503747403,
    0.43573076520115855,
    -0.060464017984637485,
    0.29500141355594983,
    0.2545226421931868,
    -0.07845502622555164,
    -0.21348311347061324,
    1.8155706525207371,
    0.41892914276138027,
    0.28692945568263933,
    0.21489615213895,
    -0.13605907699844502,
    0.05889337883563257,
    -0.5243290689569442,
    0.4505018306570921,
    0.737939210471789,
    -0.16979212420876177,
    0.2720388953755702,
    0.5344888036514344,
    0.2563517479505994,
